Time,Header.seq,Header.stamp.secs,Header.stamp.nsecs,Header.frame_id,Latitude,Longitude,Altitude,UTM_easting,UTM_northing,Zone,Letter
1666913951.846309,0,85146,0,GPS1_Frame,42.33713733333334,-71.08950333333334,9.7,327865.1269687688,4689323.729024279,19.0,T
1666913953.6614985,0,85147,0,GPS1_Frame,42.337137166666665,-71.08950316666666,9.5,327865.1402447083,4689323.710179819,19.0,T
1666913955.4771187,0,85148,0,GPS1_Frame,42.337137166666665,-71.089503,9.3,327865.1539754097,4689323.709842423,19.0,T
1666913957.2922292,0,85149,0,GPS1_Frame,42.33713733333334,-71.089503,9.2,327865.1544301715,4689323.728349487,19.0,T
1666913959.1045427,0,85151,0,GPS1_Frame,42.337138,-71.089503,9.1,327865.1562492185,4689323.802377743,19.0,T
1666913960.919198,0,85152,0,GPS1_Frame,42.337139166666674,-71.08950433333332,9.0,327865.04958694335,4689323.934626352,19.0,T
1666913962.7332509,0,85153,0,GPS1_Frame,42.33714,-71.0895045,8.9,327865.0381300509,4689324.027499064,19.0,T
1666913964.5477784,0,85154,0,GPS1_Frame,42.33714083333333,-71.08950516666667,8.7,327864.98548105697,4689324.121383964,19.0,T
1666913966.3621976,0,85155,0,GPS1_Frame,42.33714150000001,-71.08950566666667,8.6,327864.9461080048,4689324.196424408,19.0,T
1666913968.1740243,0,85156,0,GPS1_Frame,42.33714216666667,-71.08950516666667,8.5,327864.9891191552,4689324.269440475,19.0,T
1666913969.989127,0,85157,0,GPS1_Frame,42.33714233333333,-71.08950466666667,8.4,327865.0307660203,4689324.286935352,19.0,T
1666913971.6023889,0,85171,0,GPS1_Frame,42.33732499999999,-71.08960083333334,8.0,327857.6065949581,4689344.76535923,19.0,T
1666913974.8262985,0,85172,0,GPS1_Frame,42.33736066666667,-71.0896125,8.1,327856.74277320737,4689348.749489851,19.0,T
1666913976.6413913,0,85173,0,GPS1_Frame,42.337391833333335,-71.08962316666666,8.0,327855.9490571498,4689352.231905401,19.0,T
1666913978.4572866,0,85174,0,GPS1_Frame,42.33741416666667,-71.08963116666668,8.2,327855.35092825524,4689354.728047994,19.0,T
1666913980.269513,0,85175,0,GPS1_Frame,42.33742766666666,-71.08963683333333,8.5,327854.9209247142,4689356.238592394,19.0,T
1666913982.082768,0,85176,0,GPS1_Frame,42.33743583333333,-71.0896405,8.7,327854.6411355862,4689357.152861745,19.0,T
1666913983.8982222,0,85176,0,GPS1_Frame,42.33744433333333,-71.08964266666666,8.8,327854.48583184567,4689358.101108475,19.0,T
1666913985.7139904,0,85177,0,GPS1_Frame,42.337458,-71.0896465,8.8,327854.2073204981,4689359.626448401,19.0,T
1666913987.5302465,0,85178,0,GPS1_Frame,42.33748116666667,-71.08965633333334,8.8,327853.46043015044,4689362.218838156,19.0,T
1666913989.3449492,0,85179,0,GPS1_Frame,42.33751349999999,-71.08967066666668,9.1,327852.3678277198,4689365.83822699,19.0,T
1666913991.160303,0,85181,0,GPS1_Frame,42.33755183333333,-71.08968750000001,9.0,327851.08564036596,4689370.128931766,19.0,T
1666913992.9771776,0,85182,0,GPS1_Frame,42.33759166666667,-71.08970616666667,9.2,327849.6565114296,4689374.589912152,19.0,T
1666913994.79238,0,85183,0,GPS1_Frame,42.337632,-71.08972333333332,9.3,327848.3523243102,4689379.103377221,19.0,T
1666913996.6071312,0,85184,0,GPS1_Frame,42.337671666666665,-71.089741,9.3,327847.0051280571,4689383.543826656,19.0,T
1666913999.831471,0,85198,0,GPS1_Frame,42.33832233333332,-71.08992199999999,9.5,327833.86948797014,4689456.16188381,19.0,T
1666914001.6452603,0,85199,0,GPS1_Frame,42.33837333333333,-71.08994899999999,9.6,327831.7843461552,4689461.879716048,19.0,T
1666914003.4601574,0,85239,0,GPS1_Frame,42.33842583333333,-71.08997583333333,9.2,327829.7170323819,4689467.763775191,19.0,T
1666914005.276811,0,85200,0,GPS1_Frame,42.3384755,-71.08999999999999,10.0,327827.86167599837,4689473.327815306,19.0,T
1666914007.0926273,0,85202,0,GPS1_Frame,42.33852566666666,-71.09002433333333,10.1,327825.99395714316,4689478.947714729,19.0,T
1666914008.904696,0,85203,0,GPS1_Frame,42.338577,-71.09004966666666,10.2,327824.0470435333,4689484.699189176,19.0,T
1666914010.7198489,0,85204,0,GPS1_Frame,42.338629999999995,-71.0900735,10.0,327822.2282558433,4689490.632697583,19.0,T
1666914012.5351095,0,85205,0,GPS1_Frame,42.338683499999995,-71.090098,9.7,327820.35591485753,4689496.623077787,19.0,T
1666914014.3505993,0,85206,0,GPS1_Frame,42.33873883333334,-71.0901225,9.6,327818.4885814631,4689502.817036396,19.0,T
1666914016.1667466,0,85207,0,GPS1_Frame,42.33879333333333,-71.0901545,9.7,327816.00111182674,4689508.933647897,19.0,T
1666914017.9827564,0,85208,0,GPS1_Frame,42.338852333333335,-71.0901835,9.3,327813.7730758107,4689515.543876196,19.0,T
1666914019.795078,0,85209,0,GPS1_Frame,42.33891066666667,-71.09021550000001,9.2,327811.29607903084,4689522.0861523375,19.0,T
1666914021.6111534,0,85210,0,GPS1_Frame,42.338969,-71.09024683333334,9.0,327808.8740085213,4689528.62707948,19.0,T
1666914023.4236634,0,85211,0,GPS1_Frame,42.33902716666667,-71.09027633333334,8.8,327806.60252121236,4689535.14578784,19.0,T
1666914025.2386212,0,85212,0,GPS1_Frame,42.33908383333334,-71.09030233333333,8.5,327804.6152798246,4689541.490845427,19.0,T
1666914026.4748757,0,85226,0,GPS1_Frame,42.33943566666667,-71.09049533333334,11.8,327789.67611537164,4689580.950145594,19.0,T
1666914029.6958373,0,85227,0,GPS1_Frame,42.33943599999999,-71.09049783333333,12.1,327789.4710723434,4689580.992223114,19.0,T
1666914031.5107155,0,85227,0,GPS1_Frame,42.33943666666667,-71.09050016666667,12.3,327789.2806695171,4689581.070977226,19.0,T
1666914033.3247712,0,85228,0,GPS1_Frame,42.339437333333336,-71.09050283333333,12.5,327789.06280629255,4689581.150406459,19.0,T
1666914035.1408646,0,85229,0,GPS1_Frame,42.33943783333334,-71.090505,12.5,327788.8856786753,4689581.21031595,19.0,T
1666914036.956379,0,85230,0,GPS1_Frame,42.33943899999999,-71.09050616666667,12.6,327788.7927522701,4689581.342228366,19.0,T
1666914038.771536,0,85231,0,GPS1_Frame,42.3394405,-71.0905065,12.8,327788.7693868721,4689581.509467127,19.0,T
1666914040.586525,0,85233,0,GPS1_Frame,42.33944150000001,-71.0905075,12.7,327788.6897356749,4689581.622534917,19.0,T
1666914042.4008505,0,85234,0,GPS1_Frame,42.339441,-71.09050966666668,12.9,327788.50987806456,4689581.571401989,19.0,T
1666914044.2167716,0,85235,0,GPS1_Frame,42.33944016666666,-71.09051283333334,12.9,327788.24672924506,4689581.48528029,19.0,T
1666914046.031334,0,85236,0,GPS1_Frame,42.3394395,-71.09051566666668,13.1,327788.0114958205,4689581.416990549,19.0,T
1666914047.845152,0,85237,0,GPS1_Frame,42.3394395,-71.09051766666667,13.2,327787.8467334111,4689581.42104129,19.0,T
1666914049.6610038,0,85238,0,GPS1_Frame,42.33943966666667,-71.0905185,13.2,327787.7785374071,4689581.441236173,19.0,T
1666914051.4759767,0,85239,0,GPS1_Frame,42.3394405,-71.090519,13.1,327787.73962182214,4689581.534784214,19.0,T
1666914053.289797,0,85240,0,GPS1_Frame,42.33944116666667,-71.09051966666667,13.0,327787.68652103445,4689581.610162748,19.0,T
1666914054.9016087,0,85254,0,GPS1_Frame,42.33945116666667,-71.09051550000001,12.0,327788.0570762047,4689582.712147973,19.0,T
1666914058.1253607,0,85255,0,GPS1_Frame,42.339452,-71.09051516666666,12.1,327788.08681161585,4689582.8040082045,19.0,T
1666914059.940405,0,85256,0,GPS1_Frame,42.33945366666667,-71.090516,11.7,327788.0227106523,4689582.990766724,19.0,T
1666914061.756039,0,85257,0,GPS1_Frame,42.339454499999995,-71.09051583333333,11.7,327788.0387158636,4689583.082964517,19.0,T
1666914063.5719297,0,85258,0,GPS1_Frame,42.339456000000006,-71.090516,11.6,327788.02908069175,4689583.249865722,19.0,T
1666914065.3863993,0,85258,0,GPS1_Frame,42.33945716666667,-71.090516,11.5,327788.0322657115,4689583.37941522,19.0,T
1666914067.2021239,0,85260,0,GPS1_Frame,42.339458,-71.090516,11.5,327788.03454072564,4689583.471950576,19.0,T
1666914069.017859,0,85261,0,GPS1_Frame,42.339459000000005,-71.09051583333333,11.3,327788.0510009391,4689583.582655442,19.0,T
1666914070.8328342,0,85262,0,GPS1_Frame,42.33945933333333,-71.09051533333333,11.3,327788.0931015357,4689583.618656898,19.0,T
1666914072.6466365,0,85263,0,GPS1_Frame,42.33945983333333,-71.09051516666666,11.2,327788.10819674004,4689583.673840551,19.0,T
1666914074.462605,0,85263,0,GPS1_Frame,42.33945966666667,-71.09051500000001,11.2,327788.12147193355,4689583.654995917,19.0,T
1666914076.276306,0,85264,0,GPS1_Frame,42.339459500000004,-71.09051483333333,11.1,327788.1347471272,4689583.636151286,19.0,T
1666914078.090908,0,85265,0,GPS1_Frame,42.33945933333333,-71.09051416666667,11.0,327788.18921290967,4689583.616293967,19.0,T
1666914079.9043636,0,85266,0,GPS1_Frame,42.33945933333333,-71.0905135,10.9,327788.2441336969,4689583.614943721,19.0,T
1666914081.7198439,0,85280,0,GPS1_Frame,42.33945816666666,-71.09050633333332,10.5,327788.83134714654,4689583.470879111,19.0,T
1666914084.9431896,0,85281,0,GPS1_Frame,42.339458,-71.09050666666667,10.5,327788.8034317485,4689583.453047162,19.0,T
1666914086.7570968,0,85282,0,GPS1_Frame,42.339457499999995,-71.0905075,10.5,327788.73341576266,4689583.399213749,19.0,T
1666914088.5721538,0,85284,0,GPS1_Frame,42.339456166666665,-71.09050766666665,10.6,327788.71604555787,4689583.25149474,19.0,T
1666914090.3850427,0,85285,0,GPS1_Frame,42.339454499999995,-71.0905075,10.7,327788.7252257451,4689583.066086467,19.0,T
1666914092.200545,0,85286,0,GPS1_Frame,42.339452666666666,-71.09050699999999,10.8,327788.76141133,4689582.861496003,19.0,T
1666914094.0128117,0,85287,0,GPS1_Frame,42.339452666666666,-71.09050816666667,10.9,327788.6652999438,4689582.863858926,19.0,T
1666914095.824633,0,85288,0,GPS1_Frame,42.33946016666667,-71.09051166666667,10.9,327788.39744086773,4689583.703765905,19.0,T
1666914097.6395714,0,85289,0,GPS1_Frame,42.33947783333333,-71.09051966666667,10.9,327787.7866218382,4689585.681718418,19.0,T
1666914099.455513,0,85290,0,GPS1_Frame,42.33950166666667,-71.09052983333332,10.9,327787.0141459705,4689588.34882097,19.0,T
1666914101.2724545,0,85291,0,GPS1_Frame,42.339527333333336,-71.09053716666668,10.8,327786.4800889466,4689591.213762808,19.0,T
1666914103.0872352,0,85292,0,GPS1_Frame,42.339552000000005,-71.09054216666667,10.9,327786.13552486594,4689593.962936355,19.0,T
1666914104.9025962,0,85293,0,GPS1_Frame,42.33957266666666,-71.090544,10.5,327786.04091414897,4689596.261526454,19.0,T
1666914106.7190268,0,85294,0,GPS1_Frame,42.33958616666667,-71.09054316666668,10.5,327786.14642080304,4689597.7589114215,19.0,T
1666914108.5366032,0,85294,0,GPS1_Frame,42.33959466666667,-71.09054083333334,10.6,327786.3618486488,4689598.69804615,19.0,T
1666914111.3869007,0,85309,0,GPS1_Frame,42.339808999999995,-71.09011233333334,8.9,327822.24713116046,4689621.630347214,19.0,T
1666914113.2036378,0,85310,0,GPS1_Frame,42.339827666666665,-71.09006633333334,8.7,327826.08759399195,4689623.609991145,19.0,T
1666914115.0171113,0,85311,0,GPS1_Frame,42.33984733333333,-71.09001716666667,8.5,327830.19165609987,4689625.694267397,19.0,T
1666914116.8347442,0,85312,0,GPS1_Frame,42.339868333333335,-71.0899655,8.4,327834.50530638953,4689627.921540463,19.0,T
1666914118.647537,0,85314,0,GPS1_Frame,42.33988916666667,-71.08991333333333,8.4,327838.85968928365,4689630.129296642,19.0,T
1666914120.4630876,0,85315,0,GPS1_Frame,42.33991116666666,-71.0898595,8.4,327843.35455436975,4689632.463230394,19.0,T
1666914122.2797973,0,85316,0,GPS1_Frame,42.33993266666666,-71.08980383333332,8.4,327847.99908283853,4689634.737933815,19.0,T
1666914124.0957952,0,85317,0,GPS1_Frame,42.33995466666667,-71.08974833333333,8.5,327852.63124261517,4689637.068498887,19.0,T
1666914125.9113388,0,85318,0,GPS1_Frame,42.3399765,-71.089694,8.4,327857.1668338032,4689639.382921868,19.0,T
1666914127.72898,0,85319,0,GPS1_Frame,42.339997666666676,-71.08964183333333,8.9,327861.5221116077,4689641.627705893,19.0,T
1666914129.5421135,0,85320,0,GPS1_Frame,42.34001750000001,-71.08959150000001,9.1,327865.7227172728,4689643.728147513,19.0,T
1666914131.3569393,0,85321,0,GPS1_Frame,42.340035500000006,-71.08954566666667,9.2,327869.54760569026,4689645.634123732,19.0,T
1666914133.1712923,0,85322,0,GPS1_Frame,42.3400495,-71.08950883333334,9.3,327872.6201534497,4689647.114151797,19.0,T
1666914134.9867568,0,85323,0,GPS1_Frame,42.340059999999994,-71.08948099999999,9.5,327874.9417259712,4689648.223751966,19.0,T
1666914136.8032072,0,85324,0,GPS1_Frame,42.3400675,-71.08946116666667,9.5,327876.59606871253,4689649.016420372,19.0,T
1666914138.6166468,0,85325,0,GPS1_Frame,42.34007383333333,-71.08944583333333,9.3,327877.8765159797,4689649.688649159,19.0,T
1666914139.4771242,0,85339,0,GPS1_Frame,42.340096833333334,-71.08938716666667,7.1,327882.7722549422,4689652.123865654,19.0,T
1666914142.7020292,0,85340,0,GPS1_Frame,42.340101999999995,-71.0893745,7.1,327883.8298368091,4689652.67194408,19.0,T
1666914144.5210485,0,85341,0,GPS1_Frame,42.34010716666667,-71.089361,7.1,327884.95606877643,4689653.218335781,19.0,T
1666914146.3355358,0,85342,0,GPS1_Frame,42.340112500000004,-71.08934683333334,7.3,327886.13767553,4689653.781885237,19.0,T
1666914148.1488774,0,85343,0,GPS1_Frame,42.34011950000001,-71.08932916666666,7.3,327887.6121606843,4689654.523420815,19.0,T
1666914149.9638817,0,85344,0,GPS1_Frame,42.34013016666666,-71.089303,7.2,327889.79688245326,4689655.654906554,19.0,T
1666914151.777583,0,85345,0,GPS1_Frame,42.340145666666665,-71.089266,7.2,327892.88724391384,4689657.301169553,19.0,T
1666914153.592367,0,85345,0,GPS1_Frame,42.34016316666666,-71.089222,7.2,327896.55972239596,4689659.155349872,19.0,T
1666914155.4049695,0,85346,0,GPS1_Frame,42.34018016666667,-71.08917716666666,7.2,327900.29948491114,4689660.9523241175,19.0,T
1666914157.2175741,0,85347,0,GPS1_Frame,42.34019833333333,-71.08913483333335,6.9,327903.83647787565,4689662.883909896,19.0,T
1666914159.0297618,0,85348,0,GPS1_Frame,42.340212666666666,-71.08909233333334,6.9,327907.37674078625,4689664.389497425,19.0,T
1666914160.8445368,0,85349,0,GPS1_Frame,42.340229,-71.08905299999999,6.8,327910.66158786335,4689666.123580753,19.0,T
1666914162.6603544,0,85351,0,GPS1_Frame,42.340245,-71.08901166666666,6.7,327914.110284191,4689667.816603599,19.0,T
1666914164.4743555,0,85352,0,GPS1_Frame,42.34026283333333,-71.08896533333333,6.5,327917.975880804,4689669.703086516,19.0,T
1666914166.2882535,0,85353,0,GPS1_Frame,42.34028433333333,-71.08891166666668,6.5,327922.4555985164,4689671.981885714,19.0,T
1666914167.9014997,0,85367,0,GPS1_Frame,42.34067666666667,-71.0879425,7.4,328003.3654143576,4689713.586568169,19.0,T
1666914171.1254766,0,85368,0,GPS1_Frame,42.34070383333333,-71.0878695,7.3,328009.4531965919,4689716.455553024,19.0,T
1666914172.9389677,0,85369,0,GPS1_Frame,42.340730833333325,-71.08779916666667,7.4,328015.32084055553,4689719.311429942,19.0,T
1666914174.7528594,0,85370,0,GPS1_Frame,42.3407575,-71.08773166666667,7.5,328020.9541622562,4689722.136028422,19.0,T
1666914176.5677264,0,85371,0,GPS1_Frame,42.3407835,-71.08766733333333,7.6,328026.32479348755,4689724.893007966,19.0,T
1666914178.3832424,0,85372,0,GPS1_Frame,42.34080433333334,-71.0876105,7.1,328031.06348902744,4689727.091441473,19.0,T
1666914180.195067,0,85373,0,GPS1_Frame,42.340820833333325,-71.08756466666667,7.1,328034.88419463875,4689728.830941863,19.0,T
1666914182.0079992,0,85374,0,GPS1_Frame,42.34083283333333,-71.08753333333334,7.0,328037.49812964944,4689730.100079307,19.0,T
1666914183.8218498,0,85375,0,GPS1_Frame,42.34083966666667,-71.08751649999999,6.7,328038.9034778494,4689730.824824193,19.0,T
1666914185.6368368,0,85376,0,GPS1_Frame,42.34084516666667,-71.08750466666667,6.6,328039.8932941224,4689731.411625063,19.0,T
1666914187.4518657,0,85376,0,GPS1_Frame,42.340853,-71.0874895,6.5,328041.16406902514,4689732.250783585,19.0,T
1666914189.2657814,0,85377,0,GPS1_Frame,42.34086633333333,-71.087464,6.4,328043.3010902763,4689733.679777312,19.0,T
1666914191.0775344,0,85378,0,GPS1_Frame,42.34088066666666,-71.08743216666667,6.5,328045.96257232106,4689735.207005616,19.0,T
1666914192.8921194,0,85420,0,GPS1_Frame,42.34089383333333,-71.087399,6.5,328048.73071187607,4689736.601988921,19.0,T
1666914194.7072196,0,85381,0,GPS1_Frame,42.3409045,-71.08737083333334,6.5,328051.0801389774,4689737.729478847,19.0,T
1666914195.715443,0,85395,0,GPS1_Frame,42.3412075,-71.08683616666667,6.5,328095.9513536116,4689770.294201466,19.0,T
1666914198.9425066,0,85396,0,GPS1_Frame,42.34124983333333,-71.086776,6.2,328101.02318367606,4689774.873353767,19.0,T
1666914200.7575848,0,85397,0,GPS1_Frame,42.341286499999995,-71.0867235,6.2,328105.44799407525,4689778.838768829,19.0,T
1666914202.5726485,0,85397,0,GPS1_Frame,42.34131433333334,-71.0866875,6.3,328108.48947874474,4689781.856669151,19.0,T
1666914204.3875048,0,85398,0,GPS1_Frame,42.34133116666667,-71.08666716666667,6.4,328110.2103852815,4689783.684776362,19.0,T
1666914206.201788,0,85399,0,GPS1_Frame,42.341339,-71.08665616666667,6.3,328111.13789750997,4689784.532370663,19.0,T
1666914208.0156016,0,85400,0,GPS1_Frame,42.34134266666667,-71.08665216666667,6.3,328111.47740422987,4689784.931439704,19.0,T
1666914209.8307533,0,85402,0,GPS1_Frame,42.3413415,-71.086652,6.4,328111.4879547701,4689784.801553258,19.0,T
1666914211.6433277,0,85403,0,GPS1_Frame,42.341340833333334,-71.0866535,6.6,328111.3625700094,4689784.730557425,19.0,T
1666914213.4573433,0,85404,0,GPS1_Frame,42.34134000000001,-71.08665416666666,6.7,328111.3053799848,4689784.639369821,19.0,T
1666914215.273569,0,85405,0,GPS1_Frame,42.341338166666674,-71.086654,7.0,328111.3141138132,4689784.435455088,19.0,T
1666914217.0883014,0,85406,0,GPS1_Frame,42.34133416666667,-71.08665133333334,7.4,328111.52289010223,4689783.985894324,19.0,T
1666914218.9037564,0,85407,0,GPS1_Frame,42.34133083333333,-71.08664900000001,7.8,328111.7060235538,4689783.611035735,19.0,T
1666914220.717461,0,85408,0,GPS1_Frame,42.34132983333334,-71.086648,7.9,328111.78567721095,4689783.497971672,19.0,T
1666914222.532046,0,85409,0,GPS1_Frame,42.341329333333334,-71.0866475,8.0,328111.82550403837,4689783.441439639,19.0,T
1666914225.553295,0,85424,0,GPS1_Frame,42.34131949999999,-71.08662616666668,10.3,328113.5561205105,4689782.306394475,19.0,T
1666914227.367093,0,85425,0,GPS1_Frame,42.34132016666668,-71.086626,10.2,328113.57166698494,4689782.380085829,19.0,T
1666914229.1835365,0,85426,0,GPS1_Frame,42.341321,-71.08662566666666,10.2,328113.60139742016,4689782.471947319,19.0,T
1666914230.9942925,0,85427,0,GPS1_Frame,42.34132150000001,-71.08662566666666,10.2,328113.60275993496,4689782.527468537,19.0,T
1666914232.808767,0,85427,0,GPS1_Frame,42.341322000000005,-71.08662583333333,10.2,328113.59039266035,4689782.583326688,19.0,T
1666914234.6255014,0,85428,0,GPS1_Frame,42.34132216666667,-71.08662633333333,10.3,328113.5496574703,4689782.602844565,19.0,T
1666914236.4390807,0,85429,0,GPS1_Frame,42.34132233333333,-71.08662716666666,10.4,328113.4814627061,4689782.623036311,19.0,T
1666914238.2545745,0,85430,0,GPS1_Frame,42.3413225,-71.08662783333332,10.5,328113.4269977273,4689782.642891125,19.0,T
1666914240.0690093,0,85431,0,GPS1_Frame,42.34132283333334,-71.08662899999999,10.7,328113.33179755975,4689782.682263818,19.0,T
1666914241.8834603,0,85433,0,GPS1_Frame,42.341322999999996,-71.08663,10.8,328113.24987300776,4689782.702792502,19.0,T
1666914243.7000728,0,85434,0,GPS1_Frame,42.341323333333335,-71.08663116666666,10.9,328113.1546728419,4689782.742165197,19.0,T
1666914245.5150883,0,85435,0,GPS1_Frame,42.3413235,-71.08663233333333,11.0,328113.0590185062,4689782.763030821,19.0,T
1666914247.3308918,0,85436,0,GPS1_Frame,42.341323333333335,-71.0866335,11.3,328112.96245582006,4689782.746882301,19.0,T
1666914249.1466424,0,85437,0,GPS1_Frame,42.341323333333335,-71.08663416666667,11.3,328112.9075366722,4689782.748230047,19.0,T
1666914250.9605238,0,85438,0,GPS1_Frame,42.3413225,-71.08663416666667,11.6,328112.90526580496,4689782.655694686,19.0,T
1666914252.7745469,0,85439,0,GPS1_Frame,42.34132183333333,-71.08663433333332,11.7,328112.88971932384,4689782.582003335,19.0,T
1666914255.4041092,0,85454,0,GPS1_Frame,42.341325000000005,-71.08661983333333,9.6,328114.09284008015,4689782.904324344,19.0,T
1666914257.2215312,0,85455,0,GPS1_Frame,42.34132516666667,-71.08662,9.5,328114.07956446393,4689782.923168351,19.0,T
1666914259.0361722,0,85456,0,GPS1_Frame,42.34132666666666,-71.08661866666667,9.5,328114.1934902873,4689783.087036529,19.0,T
1666914260.8529236,0,85457,0,GPS1_Frame,42.341334,-71.08661116666667,9.4,328114.8313140946,4689783.886185709,19.0,T
1666914262.667945,0,85458,0,GPS1_Frame,42.34134916666667,-71.08659566666667,9.3,328116.1495131296,4689785.538994658,19.0,T
1666914264.4849215,0,85459,0,GPS1_Frame,42.34136883333334,-71.08657483333333,9.5,328117.91932680964,4689787.680713124,19.0,T
1666914266.3009176,0,85460,0,GPS1_Frame,42.34139283333334,-71.086555,9.7,328119.61856887286,4689790.305637429,19.0,T
1666914268.1164393,0,85461,0,GPS1_Frame,42.341420166666666,-71.08654416666667,9.9,328120.58548540843,4689793.318897306,19.0,T
1666914269.9307177,0,85462,0,GPS1_Frame,42.3414475,-71.0865445,10.7,328120.63250727596,4689796.354731019,19.0,T
1666914271.7432218,0,85463,0,GPS1_Frame,42.34146883333333,-71.08655316666666,11.1,328119.97669184336,4689798.741156271,19.0,T
1666914273.5595639,0,85463,0,GPS1_Frame,42.341481333333334,-71.08656166666667,11.8,328119.3105362349,4689800.146369837,19.0,T
1666914275.3798184,0,85464,0,GPS1_Frame,42.34149216666666,-71.08657116666667,11.9,328118.5574608012,4689801.368534309,19.0,T
1666914277.1956215,0,85465,0,GPS1_Frame,42.341507666666665,-71.08658466666667,12.1,328117.4875882886,4689803.116983183,19.0,T
1666914279.009788,0,85466,0,GPS1_Frame,42.34153,-71.08660400000001,12.1,328115.9557962181,4689805.636014813,19.0,T
1666914280.8243842,0,85467,0,GPS1_Frame,42.3415545,-71.08662616666668,12.1,328114.1965040271,4689808.40136666,19.0,T
1666914282.6388097,0,85481,0,GPS1_Frame,42.34187266666666,-71.0870775,13.0,328077.883584059,4689844.643889986,19.0,T
1666914285.8607075,0,85482,0,GPS1_Frame,42.34188183333334,-71.0870905,13.0,328076.8376552344,4689845.688065821,19.0,T
1666914287.6736293,0,85484,0,GPS1_Frame,42.34188566666667,-71.08709533333334,12.9,328076.4499433351,4689846.12350185,19.0,T
1666914289.490452,0,85485,0,GPS1_Frame,42.341889666666674,-71.08710116666666,12.9,328075.9803077812,4689846.579467052,19.0,T
1666914291.3046398,0,85486,0,GPS1_Frame,42.34189816666667,-71.08711566666666,13.1,328074.80899544,4689847.552648026,19.0,T
1666914293.1204488,0,85487,0,GPS1_Frame,42.34191216666667,-71.0871375,13.1,328073.0485698711,4689849.151391439,19.0,T
1666914294.9363663,0,85488,0,GPS1_Frame,42.34192816666667,-71.087162,12.9,328071.0739221354,4689850.977612571,19.0,T
1666914296.7502763,0,85489,0,GPS1_Frame,42.34194333333333,-71.08718616666667,13.4,328069.12446324143,4689852.710624868,19.0,T
1666914298.5660815,0,85490,0,GPS1_Frame,42.34195716666667,-71.087206,13.7,328067.52834177006,4689854.286818368,19.0,T
1666914300.3807683,0,85491,0,GPS1_Frame,42.34196883333334,-71.08721983333334,13.8,328066.42058231554,4689855.610287131,19.0,T
1666914302.1981351,0,85492,0,GPS1_Frame,42.34197483333334,-71.08722683333333,13.9,328065.8602922365,4689856.290697172,19.0,T
1666914304.0138907,0,85493,0,GPS1_Frame,42.341979499999994,-71.08722833333333,14.9,328065.7494460668,4689856.811928558,19.0,T
1666914305.828059,0,85494,0,GPS1_Frame,42.341982666666674,-71.08722683333333,14.5,328065.88164472807,4689857.16052968,19.0,T
1666914307.64264,0,85494,0,GPS1_Frame,42.341984000000004,-71.08722716666666,14.4,328065.85781990597,4689857.309260344,19.0,T
1666914309.45907,0,85495,0,GPS1_Frame,42.34198500000001,-71.08722733333335,14.4,328065.84681611334,4689857.420639826,19.0,T
1666914310.6717927,0,85510,0,GPS1_Frame,42.34205266666666,-71.087321,13.6,328058.3152140478,4689865.1239289865,19.0,T
1666914313.8956664,0,85511,0,GPS1_Frame,42.3420765,-71.0873615,13.6,328055.0438846098,4689867.852344218,19.0,T
1666914315.711836,0,85512,0,GPS1_Frame,42.342101666666665,-71.08740283333333,13.3,328051.7075444058,4689870.730502968,19.0,T
1666914317.526392,0,85513,0,GPS1_Frame,42.342128,-71.08744166666666,13.3,328048.5803316365,4689873.733156907,19.0,T
1666914319.340622,0,85514,0,GPS1_Frame,42.342152000000006,-71.0874775,13.4,328045.69389338815,4689876.470645948,19.0,T
1666914321.1586475,0,85515,0,GPS1_Frame,42.34217316666666,-71.08751166666666,13.5,328042.93702911003,4689878.890145181,19.0,T
1666914322.9745018,0,85515,0,GPS1_Frame,42.342191666666665,-71.08754466666666,13.0,328040.2690038569,4689881.011172762,19.0,T
1666914324.7873058,0,85516,0,GPS1_Frame,42.342214,-71.08758216666666,12.9,328037.24073207343,4689883.566965587,19.0,T
1666914326.6027067,0,85517,0,GPS1_Frame,42.34223683333333,-71.087629,12.7,328033.44496869855,4689886.197158479,19.0,T
1666914328.4161775,0,85518,0,GPS1_Frame,42.34225616666666,-71.0876835,12.3,328029.00810465397,4689888.454211816,19.0,T
1666914330.2312667,0,85520,0,GPS1_Frame,42.342271333333336,-71.08774916666667,12.4,328023.64000083966,4689890.271177974,19.0,T
1666914332.044877,0,85521,0,GPS1_Frame,42.34228366666666,-71.08782383333333,11.9,328017.52277688775,4689891.791732998,19.0,T
1666914333.8607137,0,85522,0,GPS1_Frame,42.342294499999994,-71.08790466666666,11.1,328010.8934708714,4689893.158204022,19.0,T
1666914335.67261,0,85523,0,GPS1_Frame,42.34230666666667,-71.08799033333334,11.2,328003.8696452809,4689894.682515538,19.0,T
1666914337.4880838,0,85524,0,GPS1_Frame,42.34232099999999,-71.08807616666667,11.9,327996.8380012688,4689896.447763352,19.0,T
1666914338.6997206,0,85538,0,GPS1_Frame,42.342503333333326,-71.08925716666666,12.0,327900.0477585833,4689919.08437341,19.0,T
1666914341.9212098,0,85539,0,GPS1_Frame,42.3425205,-71.08934983333333,11.9,327892.4609804751,4689921.178179715,19.0,T
1666914343.7325885,0,85540,0,GPS1_Frame,42.34253666666667,-71.08944216666667,12.0,327884.8989367733,4689923.160277119,19.0,T
1666914345.5469677,0,85541,0,GPS1_Frame,42.342550333333335,-71.08953383333333,12.2,327877.3849927918,4689924.863427007,19.0,T
1666914347.3620932,0,85542,0,GPS1_Frame,42.342563999999996,-71.08961599999999,11.9,327870.6536346644,4689926.547352098,19.0,T
1666914349.1785095,0,85543,0,GPS1_Frame,42.34257733333334,-71.08970033333334,11.4,327863.74288602575,4689928.198656229,19.0,T
1666914350.9941869,0,85544,0,GPS1_Frame,42.34259216666666,-71.08978566666666,11.2,327856.7538570619,4689930.01855567,19.0,T
1666914352.8114944,0,85545,0,GPS1_Frame,42.34260716666666,-71.08986633333333,11.4,327850.14971255895,4689931.847520377,19.0,T
1666914354.6268866,0,85545,0,GPS1_Frame,42.34262366666667,-71.08993666666667,13.7,327844.40089477145,4689933.822131841,19.0,T
1666914356.442753,0,85546,0,GPS1_Frame,42.34263333333333,-71.08999316666667,13.8,327839.77297717694,4689935.009946866,19.0,T
1666914358.2602522,0,85547,0,GPS1_Frame,42.342645499999996,-71.09003733333334,14.6,327836.1678680869,4689936.4503970165,19.0,T
1666914360.074427,0,85548,0,GPS1_Frame,42.34265216666666,-71.09006316666667,15.6,327834.05799256684,4689937.242991147,19.0,T
1666914361.8916762,0,85549,0,GPS1_Frame,42.342655666666666,-71.09007133333333,16.0,327833.3948006517,4689937.648176966,19.0,T
1666914363.705789,0,85551,0,GPS1_Frame,42.342657499999994,-71.09007433333333,16.3,327833.15267393814,4689937.857829724,19.0,T
1666914365.5194316,0,85552,0,GPS1_Frame,42.342659999999995,-71.09007616666666,16.7,327833.0084734706,4689938.139148356,19.0,T
1666914366.7308404,0,85566,0,GPS1_Frame,42.342679,-71.09007816666667,18.1,327832.89558214805,4689940.253005382,19.0,T
1666914369.9553652,0,85566,0,GPS1_Frame,42.342679333333336,-71.09008516666667,18.1,327832.319853244,4689940.304194333,19.0,T
1666914371.7686214,0,85567,0,GPS1_Frame,42.34268,-71.09009916666668,18.1,327831.1683954533,4689940.406572382,19.0,T
1666914373.583584,0,85568,0,GPS1_Frame,42.34268033333333,-71.09011316666667,18.0,327830.0160278013,4689940.471936459,19.0,T
1666914375.3984895,0,85569,0,GPS1_Frame,42.342679,-71.09012183333333,17.8,327829.29845452774,4689940.341429867,19.0,T
1666914377.213918,0,85570,0,GPS1_Frame,42.34267750000001,-71.090131,17.5,327828.53923779016,4689940.193428776,19.0,T
1666914379.0287955,0,85572,0,GPS1_Frame,42.3426765,-71.0901405,17.1,327827.75392687385,4689940.101624013,19.0,T
1666914380.847031,0,85573,0,GPS1_Frame,42.34267583333334,-71.09014516666666,17.1,327827.3676812035,4689940.037045834,19.0,T
1666914382.6606011,0,85574,0,GPS1_Frame,42.34267450000001,-71.09014716666667,17.2,327827.19928765134,4689939.893039262,19.0,T
1666914384.4771125,0,85575,0,GPS1_Frame,42.34267333333334,-71.09014816666667,17.3,327827.11372602195,4689939.765514735,19.0,T
1666914386.2929525,0,85576,0,GPS1_Frame,42.342672166666674,-71.09014916666666,17.4,327827.02816438745,4689939.637990213,19.0,T
1666914388.1084938,0,85577,0,GPS1_Frame,42.342670833333344,-71.09015033333334,17.5,327826.9284183023,4689939.492296117,19.0,T
1666914389.9226105,0,85578,0,GPS1_Frame,42.34267,-71.0901515,17.5,327826.830037066,4689939.402123261,19.0,T
1666914391.7361305,0,85579,0,GPS1_Frame,42.342669166666674,-71.09015266666667,17.6,327826.7316558315,4689939.311950407,19.0,T
1666914393.5482187,0,85580,0,GPS1_Frame,42.34266833333333,-71.09015383333333,17.6,327826.63327459234,4689939.221777554,19.0,T
1666914396.5714376,0,85595,0,GPS1_Frame,42.34250883333334,-71.0903215,14.0,327812.38597695075,4689921.850047586,19.0,T
1666914398.3857772,0,85596,0,GPS1_Frame,42.34245383333334,-71.09034233333334,13.5,327810.51963823644,4689915.784903262,19.0,T
1666914400.1991715,0,85597,0,GPS1_Frame,42.34239366666667,-71.09036033333334,13.3,327808.8725942958,4689909.140301753,19.0,T
1666914402.0132258,0,85597,0,GPS1_Frame,42.342332000000006,-71.0903785,13.1,327807.2077231617,4689902.329474438,19.0,T
1666914403.8277235,0,85598,0,GPS1_Frame,42.34227083333334,-71.09039800000001,12.9,327805.4343776286,4689895.576869092,19.0,T
1666914405.64392,0,85599,0,GPS1_Frame,42.34221266666667,-71.09042033333334,12.6,327803.435816133,4689889.163129917,19.0,T
1666914407.4581199,0,85600,0,GPS1_Frame,42.342157,-71.09044433333334,12.8,327801.30678048416,4689883.030372975,19.0,T
1666914409.2730074,0,85602,0,GPS1_Frame,42.342104166666665,-71.09047033333333,12.9,327799.0207213295,4689877.216287649,19.0,T
1666914411.086924,0,85603,0,GPS1_Frame,42.342054499999996,-71.09049750000001,13.1,327796.64719671034,4689871.756200428,19.0,T
1666914412.8984237,0,85604,0,GPS1_Frame,42.342006833333336,-71.09052616666666,13.2,327794.1555622439,4689866.521236982,19.0,T
1666914414.712011,0,85605,0,GPS1_Frame,42.341960333333326,-71.09055433333333,13.2,327791.7082985076,4689861.414811189,19.0,T
1666914416.5252123,0,85606,0,GPS1_Frame,42.341915,-71.0905825,13.0,327789.26421673136,4689856.437935732,19.0,T
1666914418.338284,0,85607,0,GPS1_Frame,42.341873,-71.09060966666667,12.8,327786.9116106371,4689851.829177146,19.0,T
1666914420.1539793,0,85608,0,GPS1_Frame,42.34183616666666,-71.09063366666666,12.5,327784.8339720984,4689847.787724619,19.0,T
1666914421.9671981,0,85609,0,GPS1_Frame,42.34180500000001,-71.09065516666666,12.3,327782.97774844745,4689844.370449511,19.0,T
1666914423.7808204,0,85610,0,GPS1_Frame,42.34177683333334,-71.0906725,12.6,327781.4729564345,4689841.277862512,19.0,T
1666914424.5881932,0,85624,0,GPS1_Frame,42.341462500000006,-71.09085566666666,20.5,327765.525714337,4689806.744541241,19.0,T
1666914427.8104255,0,85625,0,GPS1_Frame,42.341462666666665,-71.090852,22.2,327765.8282241596,4689806.75562071,19.0,T
1666914429.6270173,0,85626,0,GPS1_Frame,42.341463000000005,-71.09084916666667,23.8,327766.06254027126,4689806.786895358,19.0,T
1666914431.4411712,0,85627,0,GPS1_Frame,42.341463000000005,-71.09084750000001,24.7,327766.19983787346,4689806.7835191805,19.0,T
1666914433.2550964,0,85628,0,GPS1_Frame,42.34146283333333,-71.090845,26.0,327766.4053291877,4689806.759947845,19.0,T
1666914435.0695577,0,85629,0,GPS1_Frame,42.341462500000006,-71.09084299999999,26.9,327766.56917612895,4689806.718882288,19.0,T
1666914436.8862529,0,85630,0,GPS1_Frame,42.341462166666666,-71.090841,27.9,327766.7330230699,4689806.677816733,19.0,T
1666914438.7010605,0,85631,0,GPS1_Frame,42.341462,-71.09083916666667,28.7,327766.8835953452,4689806.655595875,19.0,T
1666914440.5162401,0,85632,0,GPS1_Frame,42.3414615,-71.09083716666667,29.6,327767.04698720074,4689806.596023254,19.0,T
1666914442.331652,0,85633,0,GPS1_Frame,42.341460000000005,-71.09083683333333,30.2,327767.0703509084,4689806.428784327,19.0,T
1666914444.1505077,0,85633,0,GPS1_Frame,42.34145416666667,-71.09084033333333,30.3,327766.76609774097,4689805.788126562,19.0,T
1666914445.9664564,0,85634,0,GPS1_Frame,42.34144133333333,-71.09084800000001,30.4,327766.0994865431,4689804.378612,19.0,T
1666914447.7804582,0,85635,0,GPS1_Frame,42.34142666666666,-71.0908575,30.3,327765.27684161125,4689802.769233455,19.0,T
1666914449.5951223,0,85636,0,GPS1_Frame,42.34141233333333,-71.09086766666665,30.5,327764.40018743486,4689801.198219637,19.0,T
1666914451.4096715,0,85638,0,GPS1_Frame,42.34139616666666,-71.0908775,30.6,327763.5459863511,4689799.42295283,19.0,T
1666914453.023493,0,85651,0,GPS1_Frame,42.341242333333334,-71.0909835,23.5,327754.39377276425,4689782.555654014,19.0,T
1666914456.2478237,0,85652,0,GPS1_Frame,42.341241000000004,-71.0909815,23.7,327754.55488950736,4689782.403545731,19.0,T
1666914458.0615351,0,85654,0,GPS1_Frame,42.341240333333324,-71.09098183333334,23.3,327754.5256094083,4689782.330192701,19.0,T
1666914459.8751633,0,85655,0,GPS1_Frame,42.34123783333333,-71.09097983333332,24.1,327754.6835403249,4689782.048534885,19.0,T
1666914461.6883073,0,85656,0,GPS1_Frame,42.34123366666666,-71.09098166666666,23.7,327754.5211344218,4689781.589571992,19.0,T
1666914463.5020845,0,85657,0,GPS1_Frame,42.341223166666666,-71.09098816666666,23.4,327753.95699917595,4689780.436794099,19.0,T
1666914465.3150294,0,85658,0,GPS1_Frame,42.34120633333334,-71.09099983333334,23.3,327752.9499447955,4689778.59121422,19.0,T
1666914467.1310823,0,85659,0,GPS1_Frame,42.34118566666666,-71.09101016666666,23.4,327752.04226058663,4689776.317270561,19.0,T
1666914468.9472847,0,85660,0,GPS1_Frame,42.341167666666664,-71.09102233333333,23.3,327750.9908298121,4689774.3431543335,19.0,T
1666914470.7605133,0,85661,0,GPS1_Frame,42.341150333333324,-71.09103216666668,23.7,327750.1334366,4689772.438339499,19.0,T
1666914472.5763137,0,85662,0,GPS1_Frame,42.341138,-71.0910415,23.5,327749.3308864222,4689771.087724111,19.0,T
1666914474.3895178,0,85663,0,GPS1_Frame,42.34112783333333,-71.09104783333333,23.3,327748.78138969524,4689769.971623106,19.0,T
1666914476.204789,0,85663,0,GPS1_Frame,42.34111683333334,-71.09105333333333,23.5,327748.2982663099,4689768.761298507,19.0,T
1666914478.0185986,0,85664,0,GPS1_Frame,42.34110183333334,-71.0910615,23.8,327747.58454209263,4689767.112206529,19.0,T
1666914480.0353887,0,85679,0,GPS1_Frame,42.340856,-71.09121183333333,18.4,327734.528854588,4689740.118841834,19.0,T
1666914483.2567883,0,85680,0,GPS1_Frame,42.340818000000006,-71.09121350000001,19.2,327734.2877776014,4689735.902605297,19.0,T
1666914485.0697992,0,85681,0,GPS1_Frame,42.340781666666665,-71.09120516666667,19.2,327734.8750467331,4689731.851179017,19.0,T
1666914486.8834808,0,85682,0,GPS1_Frame,42.340748500000004,-71.09118733333334,19.3,327736.2535700443,4689728.13213994,19.0,T
1666914488.6990104,0,85683,0,GPS1_Frame,42.34071583333333,-71.09116300000001,19.4,327738.16892743495,4689724.455453365,19.0,T
1666914490.5129514,0,85684,0,GPS1_Frame,42.34067933333334,-71.0911345,19.2,327740.4170668075,4689720.344663075,19.0,T
1666914492.3275335,0,85684,0,GPS1_Frame,42.34063716666666,-71.09110583333333,19.5,327742.6634640881,4689715.604295393,19.0,T
1666914494.1415775,0,85685,0,GPS1_Frame,42.34059033333333,-71.0910775,19.6,327744.8696609318,4689710.346405762,19.0,T
1666914495.9555726,0,85686,0,GPS1_Frame,42.34054066666666,-71.09104699999999,19.8,327747.2466136746,4689704.769507255,19.0,T
1666914497.7706697,0,85687,0,GPS1_Frame,42.34049016666666,-71.09101766666666,19.9,327749.5251850897,4689699.102437846,19.0,T
1666914499.5861933,0,85688,0,GPS1_Frame,42.3404365,-71.09099166666667,20.4,327751.5205136512,4689693.0904877065,19.0,T
1666914501.4009054,0,85690,0,GPS1_Frame,42.34038233333334,-71.0909665,21.1,327753.4458307047,4689687.024705246,19.0,T
1666914503.2136316,0,85691,0,GPS1_Frame,42.340332999999994,-71.09094400000001,22.1,327755.1646693611,4689681.50103072,19.0,T
1666914505.0287359,0,85692,0,GPS1_Frame,42.34029050000001,-71.09092716666667,21.9,327756.43534954643,4689676.747626152,19.0,T
1666914506.842305,0,85693,0,GPS1_Frame,42.34025466666667,-71.09091016666666,21.8,327757.7379655462,4689672.734167226,19.0,T
1666914507.8526437,0,85707,0,GPS1_Frame,42.33993283333333,-71.09075349999999,19.4,327769.7654665003,4689636.679651918,19.0,T
1666914511.0774617,0,85708,0,GPS1_Frame,42.339932166666664,-71.09075483333332,18.7,327769.6538055176,4689636.608324434,19.0,T
1666914512.891445,0,85709,0,GPS1_Frame,42.33993183333334,-71.09075633333333,18.1,327769.5293245535,4689636.574348697,19.0,T
1666914514.7069488,0,85710,0,GPS1_Frame,42.3399315,-71.09075733333334,17.5,327769.4460338689,4689636.539360157,19.0,T
1666914516.5209277,0,85711,0,GPS1_Frame,42.3399315,-71.09075783333333,17.2,327769.4048435901,4689636.540372961,19.0,T
1666914518.3343043,0,85712,0,GPS1_Frame,42.33993133333333,-71.09075833333333,16.8,327769.3631982474,4689636.5228786925,19.0,T
1666914520.1504073,0,85713,0,GPS1_Frame,42.33993116666667,-71.09075816666667,16.4,327769.3764732813,4689636.50403402,19.0,T
1666914521.9628873,0,85714,0,GPS1_Frame,42.33993099999999,-71.09075816666667,16.2,327769.3760182215,4689636.485526945,19.0,T
1666914523.7778258,0,85715,0,GPS1_Frame,42.33993050000001,-71.09075816666667,16.0,327769.3746530423,4689636.430005729,19.0,T
1666914525.5901928,0,85715,0,GPS1_Frame,42.33993,-71.09075816666667,15.7,327769.373287863,4689636.374484508,19.0,T
1666914527.4040987,0,85716,0,GPS1_Frame,42.33992966666666,-71.09075800000001,15.3,327769.38610783755,4689636.337132761,19.0,T
1666914529.2193868,0,85717,0,GPS1_Frame,42.339929166666664,-71.09075816666667,15.1,327769.3710125643,4689636.281949145,19.0,T
1666914531.0331278,0,85718,0,GPS1_Frame,42.339929,-71.09075833333333,14.9,327769.3568274104,4689636.263779673,19.0,T
1666914532.848302,0,85720,0,GPS1_Frame,42.339929,-71.09075833333333,14.6,327769.3568274104,4689636.263779673,19.0,T
1666914534.660768,0,85721,0,GPS1_Frame,42.339929,-71.09075833333333,14.5,327769.3568274104,4689636.263779673,19.0,T
1666914537.683087,0,85736,0,GPS1_Frame,42.339929166666664,-71.09075183333333,12.0,327769.8927561534,4689636.269120311,19.0,T
1666914539.498099,0,85737,0,GPS1_Frame,42.339923666666664,-71.09074949999999,11.9,327770.0699605669,4689635.653660508,19.0,T
1666914541.3134577,0,85738,0,GPS1_Frame,42.33990816666666,-71.09074133333334,11.8,327770.70041504543,4689633.915960374,19.0,T
1666914543.1289766,0,85739,0,GPS1_Frame,42.339882833333334,-71.09072866666666,11.8,327771.67473451124,4689631.077227909,19.0,T
1666914544.9428613,0,85779,0,GPS1_Frame,42.339849,-71.09071316666667,11.6,327772.85925920116,4689627.288895811,19.0,T
1666914546.7576191,0,85741,0,GPS1_Frame,42.339808833333336,-71.09069533333333,11.7,327774.21871528355,4689622.792568943,19.0,T
1666914548.5730247,0,85742,0,GPS1_Frame,42.33976616666667,-71.09067683333333,11.9,327775.6262682271,4689618.017285984,19.0,T
1666914550.387142,0,85743,0,GPS1_Frame,42.339721833333336,-71.09065666666667,11.9,327777.16657436325,4689613.053556829,19.0,T
1666914552.201739,0,85744,0,GPS1_Frame,42.339673833333336,-71.090634,12.0,327778.90282450727,4689607.677608809,19.0,T
1666914554.0182343,0,85745,0,GPS1_Frame,42.33962283333334,-71.09060933333333,12.0,327780.7956490924,4689601.964483124,19.0,T
1666914555.8324106,0,85746,0,GPS1_Frame,42.33956750000001,-71.09058083333333,11.9,327782.99244059453,4689595.762410058,19.0,T
1666914557.6463387,0,85747,0,GPS1_Frame,42.339508333333335,-71.09055166666667,11.8,327785.2336918616,4689589.13332494,19.0,T
1666914559.45964,0,85748,0,GPS1_Frame,42.3394455,-71.09052150000001,11.6,327787.5473189292,4689582.095059786,19.0,T
1666914561.2721665,0,85749,0,GPS1_Frame,42.33938116666666,-71.09048966666666,11.5,327789.99415832205,4689574.886856393,19.0,T
1666914563.0870836,0,85750,0,GPS1_Frame,42.33931466666666,-71.09045683333333,11.4,327792.51746979076,4689567.436036846,19.0,T
1666914564.903288,0,85764,0,GPS1_Frame,42.33847466666666,-71.09003383333334,11.7,327825.07212821627,4689473.303788394,19.0,T
1666914568.1265292,0,85765,0,GPS1_Frame,42.33841333333333,-71.09000816666666,12.0,327827.0192144135,4689466.4412154285,19.0,T
1666914569.9407723,0,85766,0,GPS1_Frame,42.33835283333333,-71.08998216666667,11.3,327828.99604017974,4689459.6705035735,19.0,T
1666914571.7561612,0,85766,0,GPS1_Frame,42.33829116666667,-71.08995716666666,11.4,327830.88730344956,4689452.772267807,19.0,T
1666914573.5703819,0,85767,0,GPS1_Frame,42.33822866666666,-71.08993533333334,11.5,327832.5154178019,4689445.7879092535,19.0,T
1666914575.385063,0,85768,0,GPS1_Frame,42.33816616666666,-71.08991599999999,11.9,327833.9375787602,4689438.808613192,19.0,T
1666914577.1994574,0,85769,0,GPS1_Frame,42.338104333333334,-71.08989416666667,12.7,327835.56751987257,4689431.8982839435,19.0,T
1666914579.0135093,0,85770,0,GPS1_Frame,42.338043,-71.08988716666666,11.8,327835.97681435273,4689425.073510139,19.0,T
1666914580.8296123,0,85772,0,GPS1_Frame,42.33798216666667,-71.08987833333335,12.0,327836.538510403,4689418.3005456235,19.0,T
1666914582.6414154,0,85773,0,GPS1_Frame,42.33792083333333,-71.08986933333334,12.2,327837.1125740403,4689411.471722595,19.0,T
1666914584.4553382,0,85774,0,GPS1_Frame,42.337863166666665,-71.08985766666666,11.0,327837.91633463,4689405.044655913,19.0,T
1666914586.2699146,0,85775,0,GPS1_Frame,42.33780583333334,-71.08984099999999,10.8,327839.13292352576,4689398.644480023,19.0,T
1666914588.0851364,0,85776,0,GPS1_Frame,42.337748833333336,-71.08981933333332,10.9,327840.7623418276,4689392.271195171,19.0,T
1666914589.9004116,0,85777,0,GPS1_Frame,42.33769333333333,-71.08979433333334,11.0,327842.6704686158,4689386.057725568,19.0,T
1666914591.7148168,0,85778,0,GPS1_Frame,42.33763883333333,-71.08976983333334,10.9,327844.5401363609,4689379.956311352,19.0,T
1666914594.4014442,0,85793,0,GPS1_Frame,42.33701683333334,-71.08975016666666,9.8,327844.46296819183,4689310.848129443,19.0,T
1666914596.0163147,0,85794,0,GPS1_Frame,42.33700566666666,-71.08971266666667,9.8,327847.5219099836,4689309.53223395,19.0,T
1666914597.627345,0,85795,0,GPS1_Frame,42.3370045,-71.08967183333333,9.9,327850.8827553701,4689309.320015176,19.0,T
1666914599.2380667,0,85796,0,GPS1_Frame,42.337012666666666,-71.089633,9.9,327854.10430028,4689310.148242561,19.0,T
1666914600.8495471,0,85797,0,GPS1_Frame,42.33702933333334,-71.08959516666667,9.8,327857.2666538197,4689311.922356098,19.0,T
1666914602.4629273,0,85797,0,GPS1_Frame,42.33704983333334,-71.08956216666667,10.0,327860.0412745917,4689314.131918205,19.0,T
1666914604.0795372,0,85798,0,GPS1_Frame,42.33706633333333,-71.08953633333334,10.1,327862.21455837076,4689315.911820049,19.0,T
1666914605.692541,0,85800,0,GPS1_Frame,42.337079833333334,-71.08951566666666,10.3,327863.95400317584,4689317.369054705,19.0,T
1666914607.3064928,0,85801,0,GPS1_Frame,42.33709333333333,-71.08950083333335,10.9,327865.2128723639,4689318.838098582,19.0,T
1666914608.918889,0,85802,0,GPS1_Frame,42.33710916666667,-71.0894945,10.8,327865.77784155286,4689320.583448622,19.0,T
